type_id,category,subcategory
11865403,Accessories,iPhone Cases
1298,Accessories,Adapters & Hubs - Open Box
12175397,Storage,NAS & Network Storage
11935397,Storage,External Hard Drives
11905404,Audio,Bluetooth Receivers & Accessories
12635403,Accessories,iPad Cases & Covers
1282,Computers,iMac (Second Hand)
1364,Storage,RAM & Memory
13835403,Accessories,MacBook Cases & Sleeves
12585395,Peripherals,USB Hubs & Adapters - Open Box
5740000000000000,Computers,iMac (Like New)
1296,Displays,Monitors
1433,Storage,SSD Upgrade Kits
12215397,Storage,SSD Upgrade Kits - Open Box
1325,Peripherals,Cables & Adapters - Open Box
5384,Audio,Headphones
5398,Audio,Speakers
57445397,Storage,Memory Cards & USB Drives
1020000000000,Computers,MacBook Pro (Like New)
1334,Networking,Routers & Wireless
1229,Peripherals,Styluses & Digital Pens
12995397,Peripherals,Docking Stations & Expansion
13615399,Power,Charging Docks
144000000000,Software & Services,Repair & Maintenance Services
2158,Computers,MacBook Pro
2449,Accessories,Apple Watch Bands
12655397,Storage,Internal Hard Drives
1405,Peripherals,Graphics Tablets & Displays
1230,Peripherals,Cables
1515,Power,Power Banks
13555403,Accessories,Screen Protectors
8696,Accessories,Stands & Mounts
51601716,Computers,iPhone (Like New)
21485407,Accessories,Repair Tools & Parts
85651716,Computers,iPhone (Like New)
24895185,Computers,Apple Watch (Open Box)
11821715,Computers,iPod (Like New)
14305406,Accessories,Repair Tools & Parts
216000000000,Computers,iMac
5720,Accessories,Stands & Mounts
12645406,Accessories,Repair & Tools
539000000000,Computers,MacBook (Open Box)
85641716,Computers,iPhone (Like New)
42945397,Storage,External Flash Drives
1392,Accessories,Laptop Sleeves & Bags
1216,Accessories,Stands & Mounts
24215399,Power,Watch Charging
5395,Power,Power Adapters & Strips
13005399,Power,Chargers (Like New)
217000000000,Computers,MacBook (Like New)
106431714,Computers,iPad Pro (Like New)
5405,Accessories,Phone Armbands & Straps
12755395,Storage,Storage Adapters & Kits
10230,Accessories,Laptop Sleeves & Bags
51861714,Computers,iPad Pro (Second Hand)
1714,Computers,iPad (Like New)
13855401,Peripherals,Keyboards
24885185,Computers,Apple Watch (Like New)
1716,Computers,iPhone (Open Box)
10142,Power,Batteries
21632158,Computers,Mac Pro
14365395,Accessories,Adapters (Second Hand)
1387,Peripherals,Trackpads & Mice
2434,Accessories,Watch Cases & Protectors
24821716,Computers,iPhone (Like New)
9094,Smart Home,Cameras & Security
1404,Storage,NAS & Expansion
5403,Accessories,Tablet Cases & Covers
549000000000,Power,Battery Cases (Like New)
12575403,Accessories,Tablet Cases & Covers
24811716,Computers,iPhone (Like New)
12141714,Computers,iPad (Like New)
51871714,Computers,iPad Pro (Like New)
5399,Power,Wireless Chargers
1276,Storage,Storage Controllers & Adapters
42931714,Computers,iPad (Like New)
113281716,Computers,iPhone (Like New)
14035403,Accessories,Screen Protectors
113291716,Computers,iPhone (Like New)
101781405,Peripherals,Graphics Tablets
5430000000000000,Computers,iMac (Second Hand)
21535407,Accessories,Repair Kits & Parts
20642062,Software & Services,Installation & Support Services
51882158,Computers,iMac (Like New)
1416,Software & Services,Design & Productivity Software
5404,Smart Home,Smart Lighting
118692158,Computers,iMac Pro
1231,Software & Services,AppleCare & Warranty
54085407,Accessories,Repair Kits & Parts
12355400,Accessories,Adapters & Connectors
113271716,Computers,iPhone (Like New)
24861714,Computers,iPad
146000000000,Software & Services,Repair Services
1375,Audio,Microphones
13621714,Computers,iPad
5720000000000000,Computers,iMac (Like New)
2425,Accessories,Screen Protectors
544000000000,Computers,Mac mini (Like New)
21561716,Computers,iPhone (Like New)
4259,Computers,Apple TV
54864259,Accessories,Apple TV Accessories
21571716,Computers,iPhone (Like New)
5401,Peripherals,Keyboards
1424,Storage,External Drives
12031714,Computers,iPad (Open Box)
15435404,Peripherals,Input Devices
11859,Smart Home,Sensors
113464259,Computers,Apple TV (Open Box)
79201715,Computers,iPod (Like New)
12051714,Computers,iPad (Open Box)
13955395,Accessories,Adapters & Connectors
12085400,Accessories,Cleaning & Maintenance
5407,Accessories,Repair Kits & Parts
1280,Storage,NAS & Network Storage
113851714,Computers,iPad (Like New)
5406,Accessories,Repair Kits & Parts
51912158,Computers,MacBook Pro (Open Box)
5185,Computers,Apple Watch
11434,Accessories,Security & Locks
5450000000000000,Computers,Mac mini (Second Hand)
21622158,Computers,Mac mini (Reconditioned)
12285400,Accessories,Cleaning & Maintenance
54025401,Peripherals,iPad Keyboards (Open Box)
